ID;ROW_NUMBER;COMPANY_CODE;SIM_ROUND;SIM_STEP;SIM_DATE;SIM_CALENDAR_DATE;SIM_PERIOD;SIM_ELAPSED_STEPS;PURCHASING_ORDER;VENDOR;MATERIAL_NUMBER;MATERIAL_DESCRIPTION;QUANTITY;STATUS;UNIT;GOODS_RECEIPT_ROUND;GOODS_RECEIPT_STEP;GOODS_RECEIPT_DATE
.1~1;1;A5;01;01;01/01;01/01/2021 00:00;1;1;4500000754;V04;AA-T01;Milk;666;Delivered;ST;01;02;01/02
.1~2;2;A5;01;01;01/01;01/01/2021 00:00;1;1;4500000754;V04;AA-T02;Cream;666;Delivered;ST;01;02;01/02
.1~3;3;A5;01;01;01/01;01/01/2021 00:00;1;1;4500000754;V04;AA-T03;Yoghurt;666;Delivered;ST;01;02;01/02
.1~4;4;A5;01;01;01/01;01/01/2021 00:00;1;1;4500000754;V04;AA-T04;Cheese;666;Delivered;ST;01;02;01/02
.1~5;5;A5;01;01;01/01;01/01/2021 00:00;1;1;4500000754;V04;AA-T05;Butter;666;Delivered;ST;01;02;01/02
.1~6;6;A5;01;01;01/01;01/01/2021 00:00;1;1;4500000754;V04;AA-T06;Ice Cream;666;Delivered;ST;01;02;01/02
.1~7;7;A5;02;03;02/03;13/01/2021 00:00;3;13;4500000766;V04;AA-T01;Milk;667;Delivered;ST;02;04;02/04
.1~8;8;A5;02;03;02/03;13/01/2021 00:00;3;13;4500000766;V04;AA-T02;Cream;300;Delivered;ST;02;04;02/04
.1~9;9;A5;02;03;02/03;13/01/2021 00:00;3;13;4500000766;V04;AA-T03;Yoghurt;700;Delivered;ST;02;04;02/04
.1~10;10;A5;02;03;02/03;13/01/2021 00:00;3;13;4500000766;V04;AA-T04;Cheese;368;Delivered;ST;02;04;02/04
.1~11;11;A5;02;03;02/03;13/01/2021 00:00;3;13;4500000766;V04;AA-T05;Butter;400;Delivered;ST;02;04;02/04
.1~12;12;A5;02;03;02/03;13/01/2021 00:00;3;13;4500000766;V04;AA-T06;Ice Cream;565;Delivered;ST;02;04;02/04
.1~13;13;A5;03;02;03/02;22/01/2021 00:00;5;22;4500000776;V04;AA-T01;Milk;145;Delivered;ST;03;03;03/03
.1~14;14;A5;03;02;03/02;22/01/2021 00:00;5;22;4500000776;V04;AA-T02;Cream;127;Delivered;ST;03;03;03/03
.1~15;15;A5;03;02;03/02;22/01/2021 00:00;5;22;4500000776;V04;AA-T03;Yoghurt;584;Delivered;ST;03;03;03/03
.1~16;16;A5;03;02;03/02;22/01/2021 00:00;5;22;4500000776;V04;AA-T04;Cheese;346;Delivered;ST;03;03;03/03
.1~17;17;A5;03;02;03/02;22/01/2021 00:00;5;22;4500000776;V04;AA-T06;Ice Cream;311;Delivered;ST;03;03;03/03
.1~18;18;A5;04;01;04/01;31/01/2021 00:00;7;31;4500000787;V04;AA-T01;Milk;738;Delivered;ST;04;03;04/03
.1~19;19;A5;04;01;04/01;31/01/2021 00:00;7;31;4500000787;V04;AA-T02;Cream;515;Delivered;ST;04;03;04/03
.1~20;20;A5;04;01;04/01;31/01/2021 00:00;7;31;4500000787;V04;AA-T03;Yoghurt;592;Delivered;ST;04;03;04/03
.1~21;21;A5;04;01;04/01;31/01/2021 00:00;7;31;4500000787;V04;AA-T04;Cheese;417;Delivered;ST;04;03;04/03
.1~22;22;A5;04;01;04/01;31/01/2021 00:00;7;31;4500000787;V04;AA-T05;Butter;120;Delivered;ST;04;03;04/03
.1~23;23;A5;04;01;04/01;31/01/2021 00:00;7;31;4500000787;V04;AA-T06;Ice Cream;294;Delivered;ST;04;03;04/03
.1~24;24;A5;05;01;05/01;10/02/2021 00:00;9;41;4500000796;V04;AA-T01;Milk;887;Delivered;ST;05;02;05/02
.1~25;25;A5;05;01;05/01;10/02/2021 00:00;9;41;4500000796;V04;AA-T02;Cream;552;Delivered;ST;05;02;05/02
.1~26;26;A5;05;01;05/01;10/02/2021 00:00;9;41;4500000796;V04;AA-T03;Yoghurt;792;Delivered;ST;05;02;05/02
.1~27;27;A5;05;01;05/01;10/02/2021 00:00;9;41;4500000796;V04;AA-T04;Cheese;452;Delivered;ST;05;02;05/02
.1~28;28;A5;05;01;05/01;10/02/2021 00:00;9;41;4500000796;V04;AA-T05;Butter;183;Delivered;ST;05;02;05/02
.1~29;29;A5;05;01;05/01;10/02/2021 00:00;9;41;4500000796;V04;AA-T06;Ice Cream;551;Delivered;ST;05;02;05/02
.1~30;30;A5;06;01;06/01;20/02/2021 00:00;11;51;4500000807;V04;AA-T01;Milk;699;Delivered;ST;06;02;06/02
.1~31;31;A5;06;01;06/01;20/02/2021 00:00;11;51;4500000807;V04;AA-T02;Cream;148;Delivered;ST;06;02;06/02
.1~32;32;A5;06;01;06/01;20/02/2021 00:00;11;51;4500000807;V04;AA-T03;Yoghurt;655;Delivered;ST;06;02;06/02
.1~33;33;A5;06;01;06/01;20/02/2021 00:00;11;51;4500000807;V04;AA-T04;Cheese;585;Delivered;ST;06;02;06/02
.1~34;34;A5;06;01;06/01;20/02/2021 00:00;11;51;4500000807;V04;AA-T05;Butter;384;Delivered;ST;06;02;06/02
.1~35;35;A5;06;01;06/01;20/02/2021 00:00;11;51;4500000807;V04;AA-T06;Ice Cream;530;Delivered;ST;06;02;06/02
.1~36;36;A5;07;01;07/01;02/03/2021 00:00;13;61;4500000818;V04;AA-T01;Milk;817;Delivered;ST;07;03;07/03
.1~37;37;A5;07;01;07/01;02/03/2021 00:00;13;61;4500000818;V04;AA-T02;Cream;295;Delivered;ST;07;03;07/03
.1~38;38;A5;07;01;07/01;02/03/2021 00:00;13;61;4500000818;V04;AA-T03;Yoghurt;566;Delivered;ST;07;03;07/03
.1~39;39;A5;07;01;07/01;02/03/2021 00:00;13;61;4500000818;V04;AA-T04;Cheese;654;Delivered;ST;07;03;07/03
.1~40;40;A5;07;01;07/01;02/03/2021 00:00;13;61;4500000818;V04;AA-T05;Butter;309;Delivered;ST;07;03;07/03
.1~41;41;A5;07;01;07/01;02/03/2021 00:00;13;61;4500000818;V04;AA-T06;Ice Cream;549;Delivered;ST;07;03;07/03
.1~42;42;A5;08;01;08/01;12/03/2021 00:00;15;71;4500000830;V04;AA-T01;Milk;487;Delivered;ST;08;03;08/03
.1~43;43;A5;08;01;08/01;12/03/2021 00:00;15;71;4500000830;V04;AA-T02;Cream;118;Delivered;ST;08;03;08/03
.1~44;44;A5;08;01;08/01;12/03/2021 00:00;15;71;4500000830;V04;AA-T03;Yoghurt;828;Delivered;ST;08;03;08/03
.1~45;45;A5;08;01;08/01;12/03/2021 00:00;15;71;4500000830;V04;AA-T04;Cheese;666;Delivered;ST;08;03;08/03
.1~46;46;A5;08;01;08/01;12/03/2021 00:00;15;71;4500000830;V04;AA-T05;Butter;90;Delivered;ST;08;03;08/03
.1~47;47;A5;08;01;08/01;12/03/2021 00:00;15;71;4500000830;V04;AA-T06;Ice Cream;254;Delivered;ST;08;03;08/03
.1~48;48;B5;01;01;01/01;01/01/2021 00:00;1;1;4500000759;V04;BB-T01;Milk;1550;Delivered;ST;01;02;01/02
.1~49;49;B5;01;01;01/01;01/01/2021 00:00;1;1;4500000759;V04;BB-T02;Cream;600;Delivered;ST;01;02;01/02
.1~50;50;B5;01;01;01/01;01/01/2021 00:00;1;1;4500000759;V04;BB-T03;Yoghurt;1375;Delivered;ST;01;02;01/02
.1~51;51;B5;01;01;01/01;01/01/2021 00:00;1;1;4500000759;V04;BB-T04;Cheese;750;Delivered;ST;01;02;01/02
.1~52;52;B5;01;01;01/01;01/01/2021 00:00;1;1;4500000759;V04;BB-T05;Butter;825;Delivered;ST;01;02;01/02
.1~53;53;B5;01;01;01/01;01/01/2021 00:00;1;1;4500000759;V04;BB-T06;Ice Cream;750;Delivered;ST;01;02;01/02
.1~54;54;B5;01;10;01/10;10/01/2021 00:00;2;10;4500000764;V04;BB-T01;Milk;924;Delivered;ST;02;01;02/01
.1~55;55;B5;01;10;01/10;10/01/2021 00:00;2;10;4500000764;V04;BB-T02;Cream;45;Delivered;ST;02;01;02/01
.1~56;56;B5;01;10;01/10;10/01/2021 00:00;2;10;4500000764;V04;BB-T03;Yoghurt;1123;Delivered;ST;02;01;02/01
.1~57;57;B5;01;10;01/10;10/01/2021 00:00;2;10;4500000764;V04;BB-T04;Cheese;240;Delivered;ST;02;01;02/01
.1~58;58;B5;01;10;01/10;10/01/2021 00:00;2;10;4500000764;V04;BB-T05;Butter;189;Delivered;ST;02;01;02/01
.1~59;59;B5;01;10;01/10;10/01/2021 00:00;2;10;4500000764;V04;BB-T06;Ice Cream;140;Delivered;ST;02;01;02/01
.1~60;60;B5;02;05;02/05;15/01/2021 00:00;3;15;4500000769;V04;BB-T01;Milk;862;Delivered;ST;02;07;02/07
.1~61;61;B5;02;05;02/05;15/01/2021 00:00;3;15;4500000769;V04;BB-T03;Yoghurt;870;Delivered;ST;02;07;02/07
.1~62;62;B5;02;05;02/05;15/01/2021 00:00;3;15;4500000769;V04;BB-T04;Cheese;421;Delivered;ST;02;07;02/07
.1~63;63;B5;02;05;02/05;15/01/2021 00:00;3;15;4500000769;V04;BB-T05;Butter;468;Delivered;ST;02;07;02/07
.1~64;64;B5;02;05;02/05;15/01/2021 00:00;3;15;4500000769;V04;BB-T06;Ice Cream;91;Delivered;ST;02;07;02/07
.1~65;65;B5;02;10;02/10;20/01/2021 00:00;4;20;4500000774;V04;BB-T01;Milk;915;Delivered;ST;03;01;03/01
.1~66;66;B5;02;10;02/10;20/01/2021 00:00;4;20;4500000774;V04;BB-T02;Cream;97;Delivered;ST;03;01;03/01
.1~67;67;B5;02;10;02/10;20/01/2021 00:00;4;20;4500000774;V04;BB-T03;Yoghurt;940;Delivered;ST;03;01;03/01
.1~68;68;B5;02;10;02/10;20/01/2021 00:00;4;20;4500000774;V04;BB-T04;Cheese;227;Delivered;ST;03;01;03/01
.1~69;69;B5;02;10;02/10;20/01/2021 00:00;4;20;4500000774;V04;BB-T05;Butter;236;Delivered;ST;03;01;03/01
.1~70;70;B5;02;10;02/10;20/01/2021 00:00;4;20;4500000774;V04;BB-T06;Ice Cream;162;Delivered;ST;03;01;03/01
.1~71;71;B5;03;06;03/06;26/01/2021 00:00;6;26;4500000781;V04;BB-T01;Milk;1072;Delivered;ST;03;08;03/08
.1~72;72;B5;03;06;03/06;26/01/2021 00:00;6;26;4500000781;V04;BB-T03;Yoghurt;811;Delivered;ST;03;08;03/08
.1~73;73;B5;03;06;03/06;26/01/2021 00:00;6;26;4500000781;V04;BB-T04;Cheese;391;Delivered;ST;03;08;03/08
.1~74;74;B5;03;06;03/06;26/01/2021 00:00;6;26;4500000781;V04;BB-T05;Butter;261;Delivered;ST;03;08;03/08
.1~75;75;B5;03;06;03/06;26/01/2021 00:00;6;26;4500000781;V04;BB-T06;Ice Cream;285;Delivered;ST;03;08;03/08
.1~76;76;B5;04;01;04/01;31/01/2021 00:00;7;31;4500000784;V04;BB-T01;Milk;889;Delivered;ST;04;03;04/03
.1~77;77;B5;04;01;04/01;31/01/2021 00:00;7;31;4500000784;V04;BB-T02;Cream;73;Delivered;ST;04;03;04/03
.1~78;78;B5;04;01;04/01;31/01/2021 00:00;7;31;4500000784;V04;BB-T03;Yoghurt;1107;Delivered;ST;04;03;04/03
.1~79;79;B5;04;01;04/01;31/01/2021 00:00;7;31;4500000784;V04;BB-T04;Cheese;327;Delivered;ST;04;03;04/03
.1~80;80;B5;04;01;04/01;31/01/2021 00:00;7;31;4500000784;V04;BB-T05;Butter;544;Delivered;ST;04;03;04/03
.1~81;81;B5;04;01;04/01;31/01/2021 00:00;7;31;4500000784;V04;BB-T06;Ice Cream;215;Delivered;ST;04;03;04/03
.1~82;82;B5;04;07;04/07;06/02/2021 00:00;8;37;4500000792;V04;BB-T01;Milk;938;Delivered;ST;04;08;04/08
.1~83;83;B5;04;07;04/07;06/02/2021 00:00;8;37;4500000792;V04;BB-T02;Cream;138;Delivered;ST;04;08;04/08
.1~84;84;B5;04;07;04/07;06/02/2021 00:00;8;37;4500000792;V04;BB-T03;Yoghurt;368;Delivered;ST;04;08;04/08
.1~85;85;B5;04;07;04/07;06/02/2021 00:00;8;37;4500000792;V04;BB-T04;Cheese;274;Delivered;ST;04;08;04/08
.1~86;86;B5;04;07;04/07;06/02/2021 00:00;8;37;4500000792;V04;BB-T05;Butter;269;Delivered;ST;04;08;04/08
.1~87;87;B5;04;07;04/07;06/02/2021 00:00;8;37;4500000792;V04;BB-T06;Ice Cream;215;Delivered;ST;04;08;04/08
.1~88;88;B5;04;10;04/10;09/02/2021 00:00;8;40;4500000795;V04;BB-T01;Milk;691;Delivered;ST;05;02;05/02
.1~89;89;B5;04;10;04/10;09/02/2021 00:00;8;40;4500000795;V04;BB-T02;Cream;159;Delivered;ST;05;02;05/02
.1~90;90;B5;04;10;04/10;09/02/2021 00:00;8;40;4500000795;V04;BB-T03;Yoghurt;783;Delivered;ST;05;02;05/02
.1~91;91;B5;04;10;04/10;09/02/2021 00:00;8;40;4500000795;V04;BB-T04;Cheese;345;Delivered;ST;05;02;05/02
.1~92;92;B5;04;10;04/10;09/02/2021 00:00;8;40;4500000795;V04;BB-T05;Butter;333;Delivered;ST;05;02;05/02
.1~93;93;B5;04;10;04/10;09/02/2021 00:00;8;40;4500000795;V04;BB-T06;Ice Cream;80;Delivered;ST;05;02;05/02
.1~94;94;B5;05;04;05/04;13/02/2021 00:00;9;44;4500000800;V04;BB-T01;Milk;1459;Delivered;ST;05;06;05/06
.1~95;95;B5;05;04;05/04;13/02/2021 00:00;9;44;4500000800;V04;BB-T02;Cream;52;Delivered;ST;05;06;05/06
.1~96;96;B5;05;04;05/04;13/02/2021 00:00;9;44;4500000800;V04;BB-T03;Yoghurt;851;Delivered;ST;05;06;05/06
.1~97;97;B5;05;04;05/04;13/02/2021 00:00;9;44;4500000800;V04;BB-T04;Cheese;283;Delivered;ST;05;06;05/06
.1~98;98;B5;05;04;05/04;13/02/2021 00:00;9;44;4500000800;V04;BB-T05;Butter;424;Delivered;ST;05;06;05/06
.1~99;99;B5;05;04;05/04;13/02/2021 00:00;9;44;4500000800;V04;BB-T06;Ice Cream;237;Delivered;ST;05;06;05/06
.1~100;100;B5;05;10;05/10;19/02/2021 00:00;10;50;4500000805;V04;BB-T01;Milk;1583;Delivered;ST;06;02;06/02
.1~101;101;B5;05;10;05/10;19/02/2021 00:00;10;50;4500000805;V04;BB-T02;Cream;237;Delivered;ST;06;02;06/02
.1~102;102;B5;05;10;05/10;19/02/2021 00:00;10;50;4500000805;V04;BB-T03;Yoghurt;1254;Delivered;ST;06;02;06/02
.1~103;103;B5;05;10;05/10;19/02/2021 00:00;10;50;4500000805;V04;BB-T04;Cheese;663;Delivered;ST;06;02;06/02
.1~104;104;B5;05;10;05/10;19/02/2021 00:00;10;50;4500000805;V04;BB-T05;Butter;476;Delivered;ST;06;02;06/02
.1~105;105;B5;05;10;05/10;19/02/2021 00:00;10;50;4500000805;V04;BB-T06;Ice Cream;200;Delivered;ST;06;02;06/02
.1~106;106;B5;06;07;06/07;26/02/2021 00:00;12;57;4500000814;V04;BB-T01;Milk;1098;Delivered;ST;06;09;06/09
.1~107;107;B5;06;07;06/07;26/02/2021 00:00;12;57;4500000814;V04;BB-T02;Cream;95;Delivered;ST;06;09;06/09
.1~108;108;B5;06;07;06/07;26/02/2021 00:00;12;57;4500000814;V04;BB-T03;Yoghurt;562;Delivered;ST;06;09;06/09
.1~109;109;B5;06;07;06/07;26/02/2021 00:00;12;57;4500000814;V04;BB-T04;Cheese;407;Delivered;ST;06;09;06/09
.1~110;110;B5;06;07;06/07;26/02/2021 00:00;12;57;4500000814;V04;BB-T05;Butter;575;Delivered;ST;06;09;06/09
.1~111;111;B5;06;07;06/07;26/02/2021 00:00;12;57;4500000814;V04;BB-T06;Ice Cream;253;Delivered;ST;06;09;06/09
.1~112;112;B5;07;02;07/02;03/03/2021 00:00;13;62;4500000820;V04;BB-T01;Milk;947;Delivered;ST;07;03;07/03
.1~113;113;B5;07;02;07/02;03/03/2021 00:00;13;62;4500000820;V04;BB-T02;Cream;196;Delivered;ST;07;03;07/03
.1~114;114;B5;07;02;07/02;03/03/2021 00:00;13;62;4500000820;V04;BB-T03;Yoghurt;1281;Delivered;ST;07;03;07/03
.1~115;115;B5;07;02;07/02;03/03/2021 00:00;13;62;4500000820;V04;BB-T04;Cheese;464;Delivered;ST;07;03;07/03
.1~116;116;B5;07;02;07/02;03/03/2021 00:00;13;62;4500000820;V04;BB-T05;Butter;252;Delivered;ST;07;03;07/03
.1~117;117;B5;07;02;07/02;03/03/2021 00:00;13;62;4500000820;V04;BB-T06;Ice Cream;200;Delivered;ST;07;03;07/03
.1~118;118;B5;07;07;07/07;08/03/2021 00:00;14;67;4500000826;V04;BB-T01;Milk;1403;Delivered;ST;07;08;07/08
.1~119;119;B5;07;07;07/07;08/03/2021 00:00;14;67;4500000826;V04;BB-T02;Cream;222;Delivered;ST;07;08;07/08
.1~120;120;B5;07;07;07/07;08/03/2021 00:00;14;67;4500000826;V04;BB-T03;Yoghurt;918;Delivered;ST;07;08;07/08
.1~121;121;B5;07;07;07/07;08/03/2021 00:00;14;67;4500000826;V04;BB-T04;Cheese;463;Delivered;ST;07;08;07/08
.1~122;122;B5;07;07;07/07;08/03/2021 00:00;14;67;4500000826;V04;BB-T05;Butter;515;Delivered;ST;07;08;07/08
.1~123;123;B5;07;07;07/07;08/03/2021 00:00;14;67;4500000826;V04;BB-T06;Ice Cream;222;Delivered;ST;07;08;07/08
.1~124;124;B5;08;02;08/02;13/03/2021 00:00;15;72;4500000832;V04;BB-T01;Milk;1392;Delivered;ST;08;04;08/04
.1~125;125;B5;08;02;08/02;13/03/2021 00:00;15;72;4500000832;V04;BB-T02;Cream;161;Delivered;ST;08;04;08/04
.1~126;126;B5;08;02;08/02;13/03/2021 00:00;15;72;4500000832;V04;BB-T03;Yoghurt;1129;Delivered;ST;08;04;08/04
.1~127;127;B5;08;02;08/02;13/03/2021 00:00;15;72;4500000832;V04;BB-T04;Cheese;458;Delivered;ST;08;04;08/04
.1~128;128;B5;08;02;08/02;13/03/2021 00:00;15;72;4500000832;V04;BB-T05;Butter;319;Delivered;ST;08;04;08/04
.1~129;129;B5;08;02;08/02;13/03/2021 00:00;15;72;4500000832;V04;BB-T06;Ice Cream;110;Delivered;ST;08;04;08/04
.1~130;130;C5;01;01;01/01;01/01/2021 00:00;1;1;4500000756;V04;CC-T01;Milk;1200;Delivered;ST;01;02;01/02
.1~131;131;C5;01;01;01/01;01/01/2021 00:00;1;1;4500000756;V04;CC-T02;Cream;600;Delivered;ST;01;02;01/02
.1~132;132;C5;01;01;01/01;01/01/2021 00:00;1;1;4500000756;V04;CC-T03;Yoghurt;700;Delivered;ST;01;02;01/02
.1~133;133;C5;01;01;01/01;01/01/2021 00:00;1;1;4500000756;V04;CC-T04;Cheese;700;Delivered;ST;01;02;01/02
.1~134;134;C5;01;01;01/01;01/01/2021 00:00;1;1;4500000756;V04;CC-T05;Butter;700;Delivered;ST;01;02;01/02
.1~135;135;C5;01;01;01/01;01/01/2021 00:00;1;1;4500000756;V04;CC-T06;Ice Cream;700;Delivered;ST;01;02;01/02
.1~136;136;C5;02;04;02/04;14/01/2021 00:00;3;14;4500000768;V04;CC-T01;Milk;378;Delivered;ST;02;05;02/05
.1~137;137;C5;02;04;02/04;14/01/2021 00:00;3;14;4500000768;V04;CC-T02;Cream;80;Delivered;ST;02;05;02/05
.1~138;138;C5;02;04;02/04;14/01/2021 00:00;3;14;4500000768;V04;CC-T03;Yoghurt;413;Delivered;ST;02;05;02/05
.1~139;139;C5;02;04;02/04;14/01/2021 00:00;3;14;4500000768;V04;CC-T04;Cheese;62;Delivered;ST;02;05;02/05
.1~140;140;C5;02;04;02/04;14/01/2021 00:00;3;14;4500000768;V04;CC-T05;Butter;140;Delivered;ST;02;05;02/05
.1~141;141;C5;02;04;02/04;14/01/2021 00:00;3;14;4500000768;V04;CC-T06;Ice Cream;29;Delivered;ST;02;05;02/05
.1~142;142;C5;02;09;02/09;19/01/2021 00:00;4;19;4500000773;V04;CC-T01;Milk;610;Delivered;ST;02;10;02/10
.1~143;143;C5;02;09;02/09;19/01/2021 00:00;4;19;4500000773;V04;CC-T02;Cream;155;Delivered;ST;02;10;02/10
.1~144;144;C5;02;09;02/09;19/01/2021 00:00;4;19;4500000773;V04;CC-T03;Yoghurt;371;Delivered;ST;02;10;02/10
.1~145;145;C5;02;09;02/09;19/01/2021 00:00;4;19;4500000773;V04;CC-T04;Cheese;190;Delivered;ST;02;10;02/10
.1~146;146;C5;02;09;02/09;19/01/2021 00:00;4;19;4500000773;V04;CC-T05;Butter;133;Delivered;ST;02;10;02/10
.1~147;147;C5;02;09;02/09;19/01/2021 00:00;4;19;4500000773;V04;CC-T06;Ice Cream;327;Delivered;ST;02;10;02/10
.1~148;148;C5;03;05;03/05;25/01/2021 00:00;5;25;4500000779;V04;CC-T01;Milk;636;Delivered;ST;03;07;03/07
.1~149;149;C5;03;05;03/05;25/01/2021 00:00;5;25;4500000779;V04;CC-T02;Cream;92;Delivered;ST;03;07;03/07
.1~150;150;C5;03;05;03/05;25/01/2021 00:00;5;25;4500000779;V04;CC-T03;Yoghurt;300;Delivered;ST;03;07;03/07
.1~151;151;C5;03;05;03/05;25/01/2021 00:00;5;25;4500000779;V04;CC-T04;Cheese;232;Delivered;ST;03;07;03/07
.1~152;152;C5;03;05;03/05;25/01/2021 00:00;5;25;4500000779;V04;CC-T05;Butter;169;Delivered;ST;03;07;03/07
.1~153;153;C5;03;05;03/05;25/01/2021 00:00;5;25;4500000779;V04;CC-T06;Ice Cream;441;Delivered;ST;03;07;03/07
.1~154;154;C5;04;01;04/01;31/01/2021 00:00;7;31;4500000786;V04;CC-T01;Milk;525;Delivered;ST;04;03;04/03
.1~155;155;C5;04;01;04/01;31/01/2021 00:00;7;31;4500000786;V04;CC-T02;Cream;321;Delivered;ST;04;03;04/03
.1~156;156;C5;04;01;04/01;31/01/2021 00:00;7;31;4500000786;V04;CC-T03;Yoghurt;416;Delivered;ST;04;03;04/03
.1~157;157;C5;04;01;04/01;31/01/2021 00:00;7;31;4500000786;V04;CC-T04;Cheese;201;Delivered;ST;04;03;04/03
.1~158;158;C5;04;01;04/01;31/01/2021 00:00;7;31;4500000786;V04;CC-T05;Butter;183;Delivered;ST;04;03;04/03
.1~159;159;C5;04;01;04/01;31/01/2021 00:00;7;31;4500000786;V04;CC-T06;Ice Cream;277;Delivered;ST;04;03;04/03
.1~160;160;C5;04;08;04/08;07/02/2021 00:00;8;38;4500000793;V04;CC-T01;Milk;545;Delivered;ST;04;09;04/09
.1~161;161;C5;04;08;04/08;07/02/2021 00:00;8;38;4500000793;V04;CC-T02;Cream;205;Delivered;ST;04;09;04/09
.1~162;162;C5;04;08;04/08;07/02/2021 00:00;8;38;4500000793;V04;CC-T03;Yoghurt;336;Delivered;ST;04;09;04/09
.1~163;163;C5;04;08;04/08;07/02/2021 00:00;8;38;4500000793;V04;CC-T04;Cheese;439;Delivered;ST;04;09;04/09
.1~164;164;C5;04;08;04/08;07/02/2021 00:00;8;38;4500000793;V04;CC-T05;Butter;284;Delivered;ST;04;09;04/09
.1~165;165;C5;04;08;04/08;07/02/2021 00:00;8;38;4500000793;V04;CC-T06;Ice Cream;311;Delivered;ST;04;09;04/09
.1~166;166;C5;05;06;05/06;15/02/2021 00:00;10;46;4500000802;V04;CC-T01;Milk;584;Delivered;ST;05;08;05/08
.1~167;167;C5;05;06;05/06;15/02/2021 00:00;10;46;4500000802;V04;CC-T02;Cream;181;Delivered;ST;05;08;05/08
.1~168;168;C5;05;06;05/06;15/02/2021 00:00;10;46;4500000802;V04;CC-T03;Yoghurt;553;Delivered;ST;05;08;05/08
.1~169;169;C5;05;06;05/06;15/02/2021 00:00;10;46;4500000802;V04;CC-T04;Cheese;300;Delivered;ST;05;08;05/08
.1~170;170;C5;05;06;05/06;15/02/2021 00:00;10;46;4500000802;V04;CC-T05;Butter;350;Delivered;ST;05;08;05/08
.1~171;171;C5;05;06;05/06;15/02/2021 00:00;10;46;4500000802;V04;CC-T06;Ice Cream;538;Delivered;ST;05;08;05/08
.1~172;172;C5;06;02;06/02;21/02/2021 00:00;11;52;4500000810;V04;CC-T01;Milk;439;Delivered;ST;06;03;06/03
.1~173;173;C5;06;02;06/02;21/02/2021 00:00;11;52;4500000810;V04;CC-T02;Cream;85;Delivered;ST;06;03;06/03
.1~174;174;C5;06;02;06/02;21/02/2021 00:00;11;52;4500000810;V04;CC-T03;Yoghurt;415;Delivered;ST;06;03;06/03
.1~175;175;C5;06;02;06/02;21/02/2021 00:00;11;52;4500000810;V04;CC-T04;Cheese;27;Delivered;ST;06;03;06/03
.1~176;176;C5;06;02;06/02;21/02/2021 00:00;11;52;4500000810;V04;CC-T05;Butter;287;Delivered;ST;06;03;06/03
.1~177;177;C5;06;02;06/02;21/02/2021 00:00;11;52;4500000810;V04;CC-T06;Ice Cream;148;Delivered;ST;06;03;06/03
.1~178;178;C5;06;09;06/09;28/02/2021 00:00;12;59;4500000816;V04;CC-T01;Milk;533;Delivered;ST;06;10;06/10
.1~179;179;C5;06;09;06/09;28/02/2021 00:00;12;59;4500000816;V04;CC-T02;Cream;223;Delivered;ST;06;10;06/10
.1~180;180;C5;06;09;06/09;28/02/2021 00:00;12;59;4500000816;V04;CC-T03;Yoghurt;660;Delivered;ST;06;10;06/10
.1~181;181;C5;06;09;06/09;28/02/2021 00:00;12;59;4500000816;V04;CC-T04;Cheese;294;Delivered;ST;06;10;06/10
.1~182;182;C5;06;09;06/09;28/02/2021 00:00;12;59;4500000816;V04;CC-T05;Butter;255;Delivered;ST;06;10;06/10
.1~183;183;C5;06;09;06/09;28/02/2021 00:00;12;59;4500000816;V04;CC-T06;Ice Cream;199;Delivered;ST;06;10;06/10
.1~184;184;C5;07;04;07/04;05/03/2021 00:00;13;64;4500000822;V04;CC-T01;Milk;601;Delivered;ST;07;06;07/06
.1~185;185;C5;07;04;07/04;05/03/2021 00:00;13;64;4500000822;V04;CC-T02;Cream;119;Delivered;ST;07;06;07/06
.1~186;186;C5;07;04;07/04;05/03/2021 00:00;13;64;4500000822;V04;CC-T03;Yoghurt;672;Delivered;ST;07;06;07/06
.1~187;187;C5;07;04;07/04;05/03/2021 00:00;13;64;4500000822;V04;CC-T04;Cheese;137;Delivered;ST;07;06;07/06
.1~188;188;C5;07;04;07/04;05/03/2021 00:00;13;64;4500000822;V04;CC-T05;Butter;256;Delivered;ST;07;06;07/06
.1~189;189;C5;07;04;07/04;05/03/2021 00:00;13;64;4500000822;V04;CC-T06;Ice Cream;190;Delivered;ST;07;06;07/06
.1~190;190;C5;07;10;07/10;11/03/2021 00:00;14;70;4500000827;V04;CC-T01;Milk;714;Delivered;ST;08;01;08/01
.1~191;191;C5;07;10;07/10;11/03/2021 00:00;14;70;4500000827;V04;CC-T02;Cream;241;Delivered;ST;08;01;08/01
.1~192;192;C5;07;10;07/10;11/03/2021 00:00;14;70;4500000827;V04;CC-T03;Yoghurt;986;Delivered;ST;08;01;08/01
.1~193;193;C5;07;10;07/10;11/03/2021 00:00;14;70;4500000827;V04;CC-T04;Cheese;240;Delivered;ST;08;01;08/01
.1~194;194;C5;07;10;07/10;11/03/2021 00:00;14;70;4500000827;V04;CC-T05;Butter;210;Delivered;ST;08;01;08/01
.1~195;195;C5;07;10;07/10;11/03/2021 00:00;14;70;4500000827;V04;CC-T06;Ice Cream;237;Delivered;ST;08;01;08/01
.1~196;196;D5;01;01;01/01;01/01/2021 00:00;1;1;4500000755;V04;DD-T01;Milk;900;Delivered;ST;01;02;01/02
.1~197;197;D5;01;01;01/01;01/01/2021 00:00;1;1;4500000755;V04;DD-T02;Cream;550;Delivered;ST;01;02;01/02
.1~198;198;D5;01;01;01/01;01/01/2021 00:00;1;1;4500000755;V04;DD-T03;Yoghurt;900;Delivered;ST;01;02;01/02
.1~199;199;D5;01;01;01/01;01/01/2021 00:00;1;1;4500000755;V04;DD-T04;Cheese;550;Delivered;ST;01;02;01/02
.1~200;200;D5;01;01;01/01;01/01/2021 00:00;1;1;4500000755;V04;DD-T05;Butter;550;Delivered;ST;01;02;01/02
.1~201;201;D5;01;01;01/01;01/01/2021 00:00;1;1;4500000755;V04;DD-T06;Ice Cream;550;Delivered;ST;01;02;01/02
.1~202;202;D5;02;02;02/02;12/01/2021 00:00;3;12;4500000765;V04;DD-T01;Milk;1757;Delivered;ST;02;04;02/04
.1~203;203;D5;02;02;02/02;12/01/2021 00:00;3;12;4500000765;V04;DD-T02;Cream;389;Delivered;ST;02;04;02/04
.1~204;204;D5;02;02;02/02;12/01/2021 00:00;3;12;4500000765;V04;DD-T03;Yoghurt;1450;Delivered;ST;02;04;02/04
.1~205;205;D5;02;02;02/02;12/01/2021 00:00;3;12;4500000765;V04;DD-T04;Cheese;330;Delivered;ST;02;04;02/04
.1~206;206;D5;02;02;02/02;12/01/2021 00:00;3;12;4500000765;V04;DD-T05;Butter;362;Delivered;ST;02;04;02/04
.1~207;207;D5;02;02;02/02;12/01/2021 00:00;3;12;4500000765;V04;DD-T06;Ice Cream;568;Delivered;ST;02;04;02/04
.1~208;208;D5;03;03;03/03;23/01/2021 00:00;5;23;4500000777;V04;DD-T01;Milk;1676;Delivered;ST;03;04;03/04
.1~209;209;D5;03;03;03/03;23/01/2021 00:00;5;23;4500000777;V04;DD-T02;Cream;355;Delivered;ST;03;04;03/04
.1~210;210;D5;03;03;03/03;23/01/2021 00:00;5;23;4500000777;V04;DD-T03;Yoghurt;1608;Delivered;ST;03;04;03/04
.1~211;211;D5;03;03;03/03;23/01/2021 00:00;5;23;4500000777;V04;DD-T04;Cheese;365;Delivered;ST;03;04;03/04
.1~212;212;D5;03;03;03/03;23/01/2021 00:00;5;23;4500000777;V04;DD-T05;Butter;434;Delivered;ST;03;04;03/04
.1~213;213;D5;03;03;03/03;23/01/2021 00:00;5;23;4500000777;V04;DD-T06;Ice Cream;373;Delivered;ST;03;04;03/04
.1~214;214;D5;04;01;04/01;31/01/2021 00:00;7;31;4500000783;V04;DD-T01;Milk;1795;Delivered;ST;04;03;04/03
.1~215;215;D5;04;01;04/01;31/01/2021 00:00;7;31;4500000783;V04;DD-T02;Cream;818;Delivered;ST;04;03;04/03
.1~216;216;D5;04;01;04/01;31/01/2021 00:00;7;31;4500000783;V04;DD-T03;Yoghurt;1659;Delivered;ST;04;03;04/03
.1~217;217;D5;04;01;04/01;31/01/2021 00:00;7;31;4500000783;V04;DD-T04;Cheese;821;Delivered;ST;04;03;04/03
.1~218;218;D5;04;01;04/01;31/01/2021 00:00;7;31;4500000783;V04;DD-T05;Butter;810;Delivered;ST;04;03;04/03
.1~219;219;D5;04;01;04/01;31/01/2021 00:00;7;31;4500000783;V04;DD-T06;Ice Cream;1024;Delivered;ST;04;03;04/03
.1~220;220;D5;05;01;05/01;10/02/2021 00:00;9;41;4500000799;V04;DD-T01;Milk;1533;Delivered;ST;05;02;05/02
.1~221;221;D5;05;01;05/01;10/02/2021 00:00;9;41;4500000799;V04;DD-T03;Yoghurt;1935;Delivered;ST;05;02;05/02
.1~222;222;D5;05;01;05/01;10/02/2021 00:00;9;41;4500000799;V04;DD-T04;Cheese;97;Delivered;ST;05;02;05/02
.1~223;223;D5;05;01;05/01;10/02/2021 00:00;9;41;4500000799;V04;DD-T06;Ice Cream;7;Delivered;ST;05;02;05/02
.1~224;224;D5;05;10;05/10;19/02/2021 00:00;10;50;4500000806;V04;DD-T01;Milk;1530;Delivered;ST;06;02;06/02
.1~225;225;D5;05;10;05/10;19/02/2021 00:00;10;50;4500000806;V04;DD-T02;Cream;560;Delivered;ST;06;02;06/02
.1~226;226;D5;05;10;05/10;19/02/2021 00:00;10;50;4500000806;V04;DD-T03;Yoghurt;1348;Delivered;ST;06;02;06/02
.1~227;227;D5;05;10;05/10;19/02/2021 00:00;10;50;4500000806;V04;DD-T04;Cheese;594;Delivered;ST;06;02;06/02
.1~228;228;D5;05;10;05/10;19/02/2021 00:00;10;50;4500000806;V04;DD-T05;Butter;229;Delivered;ST;06;02;06/02
.1~229;229;D5;05;10;05/10;19/02/2021 00:00;10;50;4500000806;V04;DD-T06;Ice Cream;598;Delivered;ST;06;02;06/02
.1~230;230;D5;06;09;06/09;28/02/2021 00:00;12;59;4500000817;V04;DD-T01;Milk;1319;Delivered;ST;06;10;06/10
.1~231;231;D5;06;09;06/09;28/02/2021 00:00;12;59;4500000817;V04;DD-T02;Cream;352;Delivered;ST;06;10;06/10
.1~232;232;D5;06;09;06/09;28/02/2021 00:00;12;59;4500000817;V04;DD-T03;Yoghurt;1304;Delivered;ST;06;10;06/10
.1~233;233;D5;06;09;06/09;28/02/2021 00:00;12;59;4500000817;V04;DD-T04;Cheese;311;Delivered;ST;06;10;06/10
.1~234;234;D5;06;09;06/09;28/02/2021 00:00;12;59;4500000817;V04;DD-T05;Butter;374;Delivered;ST;06;10;06/10
.1~235;235;D5;06;09;06/09;28/02/2021 00:00;12;59;4500000817;V04;DD-T06;Ice Cream;408;Delivered;ST;06;10;06/10
.1~236;236;D5;07;07;07/07;08/03/2021 00:00;14;67;4500000823;V04;DD-T01;Milk;714;Delivered;ST;07;08;07/08
.1~237;237;D5;07;07;07/07;08/03/2021 00:00;14;67;4500000823;V04;DD-T02;Cream;590;Delivered;ST;07;08;07/08
.1~238;238;D5;07;07;07/07;08/03/2021 00:00;14;67;4500000823;V04;DD-T03;Yoghurt;1106;Delivered;ST;07;08;07/08
.1~239;239;D5;07;07;07/07;08/03/2021 00:00;14;67;4500000823;V04;DD-T04;Cheese;554;Delivered;ST;07;08;07/08
.1~240;240;D5;07;07;07/07;08/03/2021 00:00;14;67;4500000823;V04;DD-T05;Butter;651;Delivered;ST;07;08;07/08
.1~241;241;D5;07;07;07/07;08/03/2021 00:00;14;67;4500000823;V04;DD-T06;Ice Cream;502;Delivered;ST;07;08;07/08
.1~242;242;D5;08;02;08/02;13/03/2021 00:00;15;72;4500000831;V04;DD-T01;Milk;1163;Delivered;ST;08;04;08/04
.1~243;243;D5;08;02;08/02;13/03/2021 00:00;15;72;4500000831;V04;DD-T02;Cream;566;Delivered;ST;08;04;08/04
.1~244;244;D5;08;02;08/02;13/03/2021 00:00;15;72;4500000831;V04;DD-T03;Yoghurt;1196;Delivered;ST;08;04;08/04
.1~245;245;D5;08;02;08/02;13/03/2021 00:00;15;72;4500000831;V04;DD-T04;Cheese;611;Delivered;ST;08;04;08/04
.1~246;246;D5;08;02;08/02;13/03/2021 00:00;15;72;4500000831;V04;DD-T05;Butter;532;Delivered;ST;08;04;08/04
.1~247;247;D5;08;02;08/02;13/03/2021 00:00;15;72;4500000831;V04;DD-T06;Ice Cream;542;Delivered;ST;08;04;08/04
.1~248;248;E5;01;01;01/01;01/01/2021 00:00;1;1;4500000761;V04;EE-T01;Milk;1050;Delivered;ST;01;02;01/02
.1~249;249;E5;01;01;01/01;01/01/2021 00:00;1;1;4500000761;V04;EE-T02;Cream;400;Delivered;ST;01;02;01/02
.1~250;250;E5;01;01;01/01;01/01/2021 00:00;1;1;4500000761;V04;EE-T03;Yoghurt;800;Delivered;ST;01;02;01/02
.1~251;251;E5;01;01;01/01;01/01/2021 00:00;1;1;4500000761;V04;EE-T04;Cheese;450;Delivered;ST;01;02;01/02
.1~252;252;E5;01;01;01/01;01/01/2021 00:00;1;1;4500000761;V04;EE-T05;Butter;500;Delivered;ST;01;02;01/02
.1~253;253;E5;01;01;01/01;01/01/2021 00:00;1;1;4500000761;V04;EE-T06;Ice Cream;400;Delivered;ST;01;02;01/02
.1~254;254;E5;01;09;01/09;09/01/2021 00:00;2;9;4500000763;V04;EE-T01;Milk;797;Delivered;ST;01;10;01/10
.1~255;255;E5;01;09;01/09;09/01/2021 00:00;2;9;4500000763;V04;EE-T02;Cream;222;Delivered;ST;01;10;01/10
.1~256;256;E5;01;09;01/09;09/01/2021 00:00;2;9;4500000763;V04;EE-T03;Yoghurt;1024;Delivered;ST;01;10;01/10
.1~257;257;E5;01;09;01/09;09/01/2021 00:00;2;9;4500000763;V04;EE-T04;Cheese;230;Delivered;ST;01;10;01/10
.1~258;258;E5;01;09;01/09;09/01/2021 00:00;2;9;4500000763;V04;EE-T05;Butter;129;Delivered;ST;01;10;01/10
.1~259;259;E5;01;09;01/09;09/01/2021 00:00;2;9;4500000763;V04;EE-T06;Ice Cream;377;Delivered;ST;01;10;01/10
.1~260;260;E5;02;08;02/08;18/01/2021 00:00;4;18;4500000772;V04;EE-T01;Milk;1207;Delivered;ST;02;10;02/10
.1~261;261;E5;02;08;02/08;18/01/2021 00:00;4;18;4500000772;V04;EE-T02;Cream;160;Delivered;ST;02;10;02/10
.1~262;262;E5;02;08;02/08;18/01/2021 00:00;4;18;4500000772;V04;EE-T03;Yoghurt;1193;Delivered;ST;02;10;02/10
.1~263;263;E5;02;08;02/08;18/01/2021 00:00;4;18;4500000772;V04;EE-T04;Cheese;599;Delivered;ST;02;10;02/10
.1~264;264;E5;02;08;02/08;18/01/2021 00:00;4;18;4500000772;V04;EE-T05;Butter;383;Delivered;ST;02;10;02/10
.1~265;265;E5;02;08;02/08;18/01/2021 00:00;4;18;4500000772;V04;EE-T06;Ice Cream;700;Delivered;ST;02;10;02/10
.1~266;266;E5;03;08;03/08;28/01/2021 00:00;6;28;4500000782;V04;EE-T01;Milk;965;Delivered;ST;03;10;03/10
.1~267;267;E5;03;08;03/08;28/01/2021 00:00;6;28;4500000782;V04;EE-T02;Cream;152;Delivered;ST;03;10;03/10
.1~268;268;E5;03;08;03/08;28/01/2021 00:00;6;28;4500000782;V04;EE-T03;Yoghurt;982;Delivered;ST;03;10;03/10
.1~269;269;E5;03;08;03/08;28/01/2021 00:00;6;28;4500000782;V04;EE-T04;Cheese;566;Delivered;ST;03;10;03/10
.1~270;270;E5;03;08;03/08;28/01/2021 00:00;6;28;4500000782;V04;EE-T05;Butter;327;Delivered;ST;03;10;03/10
.1~271;271;E5;03;08;03/08;28/01/2021 00:00;6;28;4500000782;V04;EE-T06;Ice Cream;515;Delivered;ST;03;10;03/10
.1~272;272;E5;04;04;04/04;03/02/2021 00:00;7;34;4500000790;V04;EE-T01;Milk;951;Delivered;ST;04;05;04/05
.1~273;273;E5;04;04;04/04;03/02/2021 00:00;7;34;4500000790;V04;EE-T03;Yoghurt;1164;Delivered;ST;04;05;04/05
.1~274;274;E5;04;04;04/04;03/02/2021 00:00;7;34;4500000790;V04;EE-T04;Cheese;388;Delivered;ST;04;05;04/05
.1~275;275;E5;04;04;04/04;03/02/2021 00:00;7;34;4500000790;V04;EE-T05;Butter;377;Delivered;ST;04;05;04/05
.1~276;276;E5;04;04;04/04;03/02/2021 00:00;7;34;4500000790;V04;EE-T06;Ice Cream;517;Delivered;ST;04;05;04/05
.1~277;277;E5;05;01;05/01;10/02/2021 00:00;9;41;4500000797;V04;EE-T01;Milk;1104;Delivered;ST;05;02;05/02
.1~278;278;E5;05;01;05/01;10/02/2021 00:00;9;41;4500000797;V04;EE-T03;Yoghurt;1506;Delivered;ST;05;02;05/02
.1~279;279;E5;05;01;05/01;10/02/2021 00:00;9;41;4500000797;V04;EE-T04;Cheese;711;Delivered;ST;05;02;05/02
.1~280;280;E5;05;01;05/01;10/02/2021 00:00;9;41;4500000797;V04;EE-T05;Butter;550;Delivered;ST;05;02;05/02
.1~281;281;E5;05;01;05/01;10/02/2021 00:00;9;41;4500000797;V04;EE-T06;Ice Cream;579;Delivered;ST;05;02;05/02
.1~282;282;E5;05;09;05/09;18/02/2021 00:00;10;49;4500000803;V04;EE-T01;Milk;1304;Delivered;ST;05;10;05/10
.1~283;283;E5;05;09;05/09;18/02/2021 00:00;10;49;4500000803;V04;EE-T03;Yoghurt;1085;Delivered;ST;05;10;05/10
.1~284;284;E5;05;09;05/09;18/02/2021 00:00;10;49;4500000803;V04;EE-T04;Cheese;600;Delivered;ST;05;10;05/10
.1~285;285;E5;05;09;05/09;18/02/2021 00:00;10;49;4500000803;V04;EE-T05;Butter;475;Delivered;ST;05;10;05/10
.1~286;286;E5;05;09;05/09;18/02/2021 00:00;10;49;4500000803;V04;EE-T06;Ice Cream;419;Delivered;ST;05;10;05/10
.1~287;287;E5;06;06;06/06;25/02/2021 00:00;12;56;4500000813;V04;EE-T01;Milk;958;Delivered;ST;06;07;06/07
.1~288;288;E5;06;06;06/06;25/02/2021 00:00;12;56;4500000813;V04;EE-T03;Yoghurt;1093;Delivered;ST;06;07;06/07
.1~289;289;E5;06;06;06/06;25/02/2021 00:00;12;56;4500000813;V04;EE-T04;Cheese;594;Delivered;ST;06;07;06/07
.1~290;290;E5;06;06;06/06;25/02/2021 00:00;12;56;4500000813;V04;EE-T05;Butter;524;Delivered;ST;06;07;06/07
.1~291;291;E5;06;06;06/06;25/02/2021 00:00;12;56;4500000813;V04;EE-T06;Ice Cream;556;Delivered;ST;06;07;06/07
.1~292;292;E5;07;03;07/03;04/03/2021 00:00;13;63;4500000821;V04;EE-T01;Milk;1395;Delivered;ST;07;04;07/04
.1~293;293;E5;07;03;07/03;04/03/2021 00:00;13;63;4500000821;V04;EE-T03;Yoghurt;1427;Delivered;ST;07;04;07/04
.1~294;294;E5;07;03;07/03;04/03/2021 00:00;13;63;4500000821;V04;EE-T04;Cheese;528;Delivered;ST;07;04;07/04
.1~295;295;E5;07;03;07/03;04/03/2021 00:00;13;63;4500000821;V04;EE-T05;Butter;414;Delivered;ST;07;04;07/04
.1~296;296;E5;07;03;07/03;04/03/2021 00:00;13;63;4500000821;V04;EE-T06;Ice Cream;589;Delivered;ST;07;04;07/04
.1~297;297;E5;08;01;08/01;12/03/2021 00:00;15;71;4500000828;V04;EE-T01;Milk;767;Delivered;ST;08;03;08/03
.1~298;298;E5;08;01;08/01;12/03/2021 00:00;15;71;4500000828;V04;EE-T03;Yoghurt;1633;Delivered;ST;08;03;08/03
.1~299;299;E5;08;01;08/01;12/03/2021 00:00;15;71;4500000828;V04;EE-T04;Cheese;596;Delivered;ST;08;03;08/03
.1~300;300;E5;08;01;08/01;12/03/2021 00:00;15;71;4500000828;V04;EE-T05;Butter;453;Delivered;ST;08;03;08/03
.1~301;301;E5;08;01;08/01;12/03/2021 00:00;15;71;4500000828;V04;EE-T06;Ice Cream;396;Delivered;ST;08;03;08/03
.1~302;302;F5;01;01;01/01;01/01/2021 00:00;1;1;4500000757;V04;FF-T01;Milk;700;Delivered;ST;01;02;01/02
.1~303;303;F5;01;01;01/01;01/01/2021 00:00;1;1;4500000757;V04;FF-T02;Cream;600;Delivered;ST;01;02;01/02
.1~304;304;F5;01;01;01/01;01/01/2021 00:00;1;1;4500000757;V04;FF-T03;Yoghurt;900;Delivered;ST;01;02;01/02
.1~305;305;F5;01;01;01/01;01/01/2021 00:00;1;1;4500000757;V04;FF-T04;Cheese;600;Delivered;ST;01;02;01/02
.1~306;306;F5;01;01;01/01;01/01/2021 00:00;1;1;4500000757;V04;FF-T05;Butter;600;Delivered;ST;01;02;01/02
.1~307;307;F5;01;01;01/01;01/01/2021 00:00;1;1;4500000757;V04;FF-T06;Ice Cream;600;Delivered;ST;01;02;01/02
.1~308;308;F5;02;05;02/05;15/01/2021 00:00;3;15;4500000770;V08;FF-T01;Milk;621;Delivered;ST;02;10;02/10
.1~309;309;F5;02;05;02/05;15/01/2021 00:00;3;15;4500000770;V08;FF-T02;Cream;196;Delivered;ST;02;10;02/10
.1~310;310;F5;02;05;02/05;15/01/2021 00:00;3;15;4500000770;V08;FF-T03;Yoghurt;819;Delivered;ST;02;10;02/10
.1~311;311;F5;02;05;02/05;15/01/2021 00:00;3;15;4500000770;V08;FF-T04;Cheese;233;Delivered;ST;02;10;02/10
.1~312;312;F5;02;05;02/05;15/01/2021 00:00;3;15;4500000770;V08;FF-T05;Butter;184;Delivered;ST;02;10;02/10
.1~313;313;F5;02;05;02/05;15/01/2021 00:00;3;15;4500000770;V08;FF-T06;Ice Cream;523;Delivered;ST;02;10;02/10
.1~314;314;F5;03;04;03/04;24/01/2021 00:00;5;24;4500000778;V08;FF-T01;Milk;279;Delivered;ST;03;10;03/10
.1~315;315;F5;03;04;03/04;24/01/2021 00:00;5;24;4500000778;V08;FF-T02;Cream;382;Delivered;ST;03;10;03/10
.1~316;316;F5;03;04;03/04;24/01/2021 00:00;5;24;4500000778;V08;FF-T03;Yoghurt;349;Delivered;ST;03;10;03/10
.1~317;317;F5;03;04;03/04;24/01/2021 00:00;5;24;4500000778;V08;FF-T04;Cheese;299;Delivered;ST;03;10;03/10
.1~318;318;F5;03;04;03/04;24/01/2021 00:00;5;24;4500000778;V08;FF-T05;Butter;410;Delivered;ST;03;10;03/10
.1~319;319;F5;03;04;03/04;24/01/2021 00:00;5;24;4500000778;V08;FF-T06;Ice Cream;277;Delivered;ST;03;10;03/10
.1~320;320;F5;04;01;04/01;31/01/2021 00:00;7;31;4500000785;V04;FF-T01;Milk;621;Delivered;ST;04;03;04/03
.1~321;321;F5;04;01;04/01;31/01/2021 00:00;7;31;4500000785;V04;FF-T02;Cream;196;Delivered;ST;04;03;04/03
.1~322;322;F5;04;01;04/01;31/01/2021 00:00;7;31;4500000785;V04;FF-T03;Yoghurt;751;Delivered;ST;04;03;04/03
.1~323;323;F5;04;01;04/01;31/01/2021 00:00;7;31;4500000785;V04;FF-T04;Cheese;233;Delivered;ST;04;03;04/03
.1~324;324;F5;04;01;04/01;31/01/2021 00:00;7;31;4500000785;V04;FF-T05;Butter;190;Delivered;ST;04;03;04/03
.1~325;325;F5;04;01;04/01;31/01/2021 00:00;7;31;4500000785;V04;FF-T06;Ice Cream;523;Delivered;ST;04;03;04/03
.1~326;326;F5;04;06;04/06;05/02/2021 00:00;8;36;4500000791;V04;FF-T01;Milk;349;Delivered;ST;04;08;04/08
.1~327;327;F5;04;06;04/06;05/02/2021 00:00;8;36;4500000791;V04;FF-T02;Cream;19;Delivered;ST;04;08;04/08
.1~328;328;F5;04;06;04/06;05/02/2021 00:00;8;36;4500000791;V04;FF-T03;Yoghurt;382;Delivered;ST;04;08;04/08
.1~329;329;F5;04;06;04/06;05/02/2021 00:00;8;36;4500000791;V04;FF-T05;Butter;173;Delivered;ST;04;08;04/08
.1~330;330;F5;04;06;04/06;05/02/2021 00:00;8;36;4500000791;V04;FF-T06;Ice Cream;233;Delivered;ST;04;08;04/08
.1~331;331;F5;04;09;04/09;08/02/2021 00:00;8;39;4500000794;V04;FF-T01;Milk;839;Delivered;ST;04;10;04/10
.1~332;332;F5;04;09;04/09;08/02/2021 00:00;8;39;4500000794;V04;FF-T02;Cream;232;Delivered;ST;04;10;04/10
.1~333;333;F5;04;09;04/09;08/02/2021 00:00;8;39;4500000794;V04;FF-T03;Yoghurt;434;Delivered;ST;04;10;04/10
.1~334;334;F5;04;09;04/09;08/02/2021 00:00;8;39;4500000794;V04;FF-T04;Cheese;221;Delivered;ST;04;10;04/10
.1~335;335;F5;04;09;04/09;08/02/2021 00:00;8;39;4500000794;V04;FF-T05;Butter;243;Delivered;ST;04;10;04/10
.1~336;336;F5;04;09;04/09;08/02/2021 00:00;8;39;4500000794;V04;FF-T06;Ice Cream;590;Delivered;ST;04;10;04/10
.1~337;337;F5;05;04;05/04;13/02/2021 00:00;9;44;4500000801;V04;FF-T01;Milk;1071;Delivered;ST;05;06;05/06
.1~338;338;F5;05;04;05/04;13/02/2021 00:00;9;44;4500000801;V04;FF-T02;Cream;85;Delivered;ST;05;06;05/06
.1~339;339;F5;05;04;05/04;13/02/2021 00:00;9;44;4500000801;V04;FF-T03;Yoghurt;715;Delivered;ST;05;06;05/06
.1~340;340;F5;05;04;05/04;13/02/2021 00:00;9;44;4500000801;V04;FF-T04;Cheese;90;Delivered;ST;05;06;05/06
.1~341;341;F5;05;04;05/04;13/02/2021 00:00;9;44;4500000801;V04;FF-T05;Butter;221;Delivered;ST;05;06;05/06
.1~342;342;F5;05;04;05/04;13/02/2021 00:00;9;44;4500000801;V04;FF-T06;Ice Cream;481;Delivered;ST;05;06;05/06
.1~343;343;F5;05;09;05/09;18/02/2021 00:00;10;49;4500000804;V04;FF-T01;Milk;736;Delivered;ST;05;10;05/10
.1~344;344;F5;05;09;05/09;18/02/2021 00:00;10;49;4500000804;V04;FF-T02;Cream;168;Delivered;ST;05;10;05/10
.1~345;345;F5;05;09;05/09;18/02/2021 00:00;10;49;4500000804;V04;FF-T03;Yoghurt;713;Delivered;ST;05;10;05/10
.1~346;346;F5;05;09;05/09;18/02/2021 00:00;10;49;4500000804;V04;FF-T04;Cheese;172;Delivered;ST;05;10;05/10
.1~347;347;F5;05;09;05/09;18/02/2021 00:00;10;49;4500000804;V04;FF-T05;Butter;157;Delivered;ST;05;10;05/10
.1~348;348;F5;05;09;05/09;18/02/2021 00:00;10;49;4500000804;V04;FF-T06;Ice Cream;452;Delivered;ST;05;10;05/10
.1~349;349;F5;06;04;06/04;23/02/2021 00:00;11;54;4500000811;V04;FF-T01;Milk;770;Delivered;ST;06;05;06/05
.1~350;350;F5;06;04;06/04;23/02/2021 00:00;11;54;4500000811;V04;FF-T02;Cream;105;Delivered;ST;06;05;06/05
.1~351;351;F5;06;04;06/04;23/02/2021 00:00;11;54;4500000811;V04;FF-T03;Yoghurt;520;Delivered;ST;06;05;06/05
.1~352;352;F5;06;04;06/04;23/02/2021 00:00;11;54;4500000811;V04;FF-T04;Cheese;146;Delivered;ST;06;05;06/05
.1~353;353;F5;06;04;06/04;23/02/2021 00:00;11;54;4500000811;V04;FF-T05;Butter;173;Delivered;ST;06;05;06/05
.1~354;354;F5;06;04;06/04;23/02/2021 00:00;11;54;4500000811;V04;FF-T06;Ice Cream;267;Delivered;ST;06;05;06/05
.1~355;355;F5;06;08;06/08;27/02/2021 00:00;12;58;4500000815;V04;FF-T01;Milk;613;Delivered;ST;06;09;06/09
.1~356;356;F5;06;08;06/08;27/02/2021 00:00;12;58;4500000815;V04;FF-T02;Cream;131;Delivered;ST;06;09;06/09
.1~357;357;F5;06;08;06/08;27/02/2021 00:00;12;58;4500000815;V04;FF-T03;Yoghurt;644;Delivered;ST;06;09;06/09
.1~358;358;F5;06;08;06/08;27/02/2021 00:00;12;58;4500000815;V04;FF-T04;Cheese;111;Delivered;ST;06;09;06/09
.1~359;359;F5;06;08;06/08;27/02/2021 00:00;12;58;4500000815;V04;FF-T05;Butter;106;Delivered;ST;06;09;06/09
.1~360;360;F5;06;08;06/08;27/02/2021 00:00;12;58;4500000815;V04;FF-T06;Ice Cream;329;Delivered;ST;06;09;06/09
.1~361;361;F5;07;07;07/07;08/03/2021 00:00;14;67;4500000825;V04;FF-T01;Milk;686;Delivered;ST;07;08;07/08
.1~362;362;F5;07;07;07/07;08/03/2021 00:00;14;67;4500000825;V04;FF-T02;Cream;300;Delivered;ST;07;08;07/08
.1~363;363;F5;07;07;07/07;08/03/2021 00:00;14;67;4500000825;V04;FF-T03;Yoghurt;656;Delivered;ST;07;08;07/08
.1~364;364;F5;07;07;07/07;08/03/2021 00:00;14;67;4500000825;V04;FF-T04;Cheese;179;Delivered;ST;07;08;07/08
.1~365;365;F5;07;07;07/07;08/03/2021 00:00;14;67;4500000825;V04;FF-T05;Butter;296;Delivered;ST;07;08;07/08
.1~366;366;F5;07;07;07/07;08/03/2021 00:00;14;67;4500000825;V04;FF-T06;Ice Cream;766;Delivered;ST;07;08;07/08
.1~367;367;F5;08;04;08/04;15/03/2021 00:00;15;74;4500000833;V04;FF-T01;Milk;1068;Delivered;ST;08;05;08/05
.1~368;368;F5;08;04;08/04;15/03/2021 00:00;15;74;4500000833;V04;FF-T02;Cream;134;Delivered;ST;08;05;08/05
.1~369;369;F5;08;04;08/04;15/03/2021 00:00;15;74;4500000833;V04;FF-T03;Yoghurt;895;Delivered;ST;08;05;08/05
.1~370;370;F5;08;04;08/04;15/03/2021 00:00;15;74;4500000833;V04;FF-T04;Cheese;235;Delivered;ST;08;05;08/05
.1~371;371;F5;08;04;08/04;15/03/2021 00:00;15;74;4500000833;V04;FF-T05;Butter;253;Delivered;ST;08;05;08/05
.1~372;372;F5;08;04;08/04;15/03/2021 00:00;15;74;4500000833;V04;FF-T06;Ice Cream;261;Delivered;ST;08;05;08/05
.1~373;373;G5;01;01;01/01;01/01/2021 00:00;1;1;4500000758;V04;GG-T01;Milk;1000;Delivered;ST;01;02;01/02
.1~374;374;G5;01;01;01/01;01/01/2021 00:00;1;1;4500000758;V04;GG-T02;Cream;800;Delivered;ST;01;02;01/02
.1~375;375;G5;01;01;01/01;01/01/2021 00:00;1;1;4500000758;V04;GG-T03;Yoghurt;1000;Delivered;ST;01;02;01/02
.1~376;376;G5;01;01;01/01;01/01/2021 00:00;1;1;4500000758;V04;GG-T04;Cheese;800;Delivered;ST;01;02;01/02
.1~377;377;G5;01;01;01/01;01/01/2021 00:00;1;1;4500000758;V04;GG-T05;Butter;800;Delivered;ST;01;02;01/02
.1~378;378;G5;01;01;01/01;01/01/2021 00:00;1;1;4500000758;V04;GG-T06;Ice Cream;1000;Delivered;ST;01;02;01/02
.1~379;379;G5;01;08;01/08;08/01/2021 00:00;2;8;4500000762;V08;GG-T01;Milk;1062;Delivered;ST;02;04;02/04
.1~380;380;G5;01;08;01/08;08/01/2021 00:00;2;8;4500000762;V08;GG-T02;Cream;716;Delivered;ST;02;04;02/04
.1~381;381;G5;01;08;01/08;08/01/2021 00:00;2;8;4500000762;V08;GG-T04;Cheese;700;Delivered;ST;02;04;02/04
.1~382;382;G5;01;08;01/08;08/01/2021 00:00;2;8;4500000762;V08;GG-T06;Ice Cream;500;Delivered;ST;02;04;02/04
.1~383;383;G5;02;08;02/08;18/01/2021 00:00;4;18;4500000771;V04;GG-T01;Milk;1948;Delivered;ST;02;10;02/10
.1~384;384;G5;02;08;02/08;18/01/2021 00:00;4;18;4500000771;V04;GG-T03;Yoghurt;1813;Delivered;ST;02;10;02/10
.1~385;385;G5;02;08;02/08;18/01/2021 00:00;4;18;4500000771;V04;GG-T06;Ice Cream;877;Delivered;ST;02;10;02/10
.1~386;386;G5;03;06;03/06;26/01/2021 00:00;6;26;4500000780;V08;GG-T01;Milk;209;Delivered;ST;03;10;03/10
.1~387;387;G5;03;06;03/06;26/01/2021 00:00;6;26;4500000780;V08;GG-T03;Yoghurt;1019;Delivered;ST;03;10;03/10
.1~388;388;G5;03;06;03/06;26/01/2021 00:00;6;26;4500000780;V08;GG-T05;Butter;885;Delivered;ST;03;10;03/10
.1~389;389;G5;04;03;04/03;02/02/2021 00:00;7;33;4500000789;V08;GG-T01;Milk;1384;Delivered;ST;04;08;04/08
.1~390;390;G5;04;03;04/03;02/02/2021 00:00;7;33;4500000789;V08;GG-T03;Yoghurt;1346;Delivered;ST;04;08;04/08
.1~391;391;G5;04;03;04/03;02/02/2021 00:00;7;33;4500000789;V08;GG-T04;Cheese;330;Delivered;ST;04;08;04/08
.1~392;392;G5;04;03;04/03;02/02/2021 00:00;7;33;4500000789;V08;GG-T05;Butter;529;Delivered;ST;04;08;04/08
.1~393;393;G5;04;03;04/03;02/02/2021 00:00;7;33;4500000789;V08;GG-T06;Ice Cream;347;Delivered;ST;04;08;04/08
.1~394;394;G5;05;01;05/01;10/02/2021 00:00;9;41;4500000798;V08;GG-T01;Milk;1365;Delivered;ST;05;07;05/07
.1~395;395;G5;05;01;05/01;10/02/2021 00:00;9;41;4500000798;V08;GG-T03;Yoghurt;1295;Delivered;ST;05;07;05/07
.1~396;396;G5;05;01;05/01;10/02/2021 00:00;9;41;4500000798;V08;GG-T04;Cheese;426;Delivered;ST;05;07;05/07
.1~397;397;G5;05;01;05/01;10/02/2021 00:00;9;41;4500000798;V08;GG-T05;Butter;658;Delivered;ST;05;07;05/07
.1~398;398;G5;05;01;05/01;10/02/2021 00:00;9;41;4500000798;V08;GG-T06;Ice Cream;705;Delivered;ST;05;07;05/07
.1~399;399;G5;06;01;06/01;20/02/2021 00:00;11;51;4500000809;V08;GG-T01;Milk;563;Delivered;ST;06;05;06/05
.1~400;400;G5;06;01;06/01;20/02/2021 00:00;11;51;4500000809;V08;GG-T03;Yoghurt;872;Delivered;ST;06;05;06/05
.1~401;401;G5;06;01;06/01;20/02/2021 00:00;11;51;4500000809;V08;GG-T04;Cheese;833;Delivered;ST;06;05;06/05
.1~402;402;G5;06;01;06/01;20/02/2021 00:00;11;51;4500000809;V08;GG-T05;Butter;736;Delivered;ST;06;05;06/05
.1~403;403;G5;06;01;06/01;20/02/2021 00:00;11;51;4500000809;V08;GG-T06;Ice Cream;1772;Delivered;ST;06;05;06/05
.1~404;404;G5;06;06;06/06;25/02/2021 00:00;12;56;4500000812;V08;GG-T01;Milk;1063;Delivered;ST;06;10;06/10
.1~405;405;G5;06;06;06/06;25/02/2021 00:00;12;56;4500000812;V08;GG-T03;Yoghurt;888;Delivered;ST;06;10;06/10
.1~406;406;G5;06;06;06/06;25/02/2021 00:00;12;56;4500000812;V08;GG-T04;Cheese;369;Delivered;ST;06;10;06/10
.1~407;407;G5;06;06;06/06;25/02/2021 00:00;12;56;4500000812;V08;GG-T05;Butter;661;Delivered;ST;06;10;06/10
.1~408;408;G5;06;06;06/06;25/02/2021 00:00;12;56;4500000812;V08;GG-T06;Ice Cream;277;Delivered;ST;06;10;06/10
.1~409;409;G5;07;07;07/07;08/03/2021 00:00;14;67;4500000824;V08;GG-T01;Milk;1049;Delivered;ST;08;02;08/02
.1~410;410;G5;07;07;07/07;08/03/2021 00:00;14;67;4500000824;V08;GG-T03;Yoghurt;440;Delivered;ST;08;02;08/02
.1~411;411;G5;07;07;07/07;08/03/2021 00:00;14;67;4500000824;V08;GG-T04;Cheese;479;Delivered;ST;08;02;08/02
.1~412;412;G5;07;07;07/07;08/03/2021 00:00;14;67;4500000824;V08;GG-T05;Butter;748;Delivered;ST;08;02;08/02
.1~413;413;G5;07;07;07/07;08/03/2021 00:00;14;67;4500000824;V08;GG-T06;Ice Cream;1322;Delivered;ST;08;02;08/02
.1~414;414;H5;01;01;01/01;01/01/2021 00:00;1;1;4500000760;V04;HH-T01;Milk;666;Delivered;ST;01;02;01/02
.1~415;415;H5;01;01;01/01;01/01/2021 00:00;1;1;4500000760;V04;HH-T02;Cream;666;Delivered;ST;01;02;01/02
.1~416;416;H5;01;01;01/01;01/01/2021 00:00;1;1;4500000760;V04;HH-T03;Yoghurt;666;Delivered;ST;01;02;01/02
.1~417;417;H5;01;01;01/01;01/01/2021 00:00;1;1;4500000760;V04;HH-T04;Cheese;666;Delivered;ST;01;02;01/02
.1~418;418;H5;01;01;01/01;01/01/2021 00:00;1;1;4500000760;V04;HH-T05;Butter;666;Delivered;ST;01;02;01/02
.1~419;419;H5;01;01;01/01;01/01/2021 00:00;1;1;4500000760;V04;HH-T06;Ice Cream;666;Delivered;ST;01;02;01/02
.1~420;420;H5;02;03;02/03;13/01/2021 00:00;3;13;4500000767;V04;HH-T01;Milk;668;Delivered;ST;02;04;02/04
.1~421;421;H5;02;03;02/03;13/01/2021 00:00;3;13;4500000767;V04;HH-T03;Yoghurt;619;Delivered;ST;02;04;02/04
.1~422;422;H5;02;03;02/03;13/01/2021 00:00;3;13;4500000767;V04;HH-T05;Butter;1;Delivered;ST;02;04;02/04
.1~423;423;H5;02;03;02/03;13/01/2021 00:00;3;13;4500000767;V04;HH-T06;Ice Cream;213;Delivered;ST;02;04;02/04
.1~424;424;H5;03;01;03/01;21/01/2021 00:00;5;21;4500000775;V04;HH-T01;Milk;860;Delivered;ST;03;02;03/02
.1~425;425;H5;03;01;03/01;21/01/2021 00:00;5;21;4500000775;V04;HH-T02;Cream;28;Delivered;ST;03;02;03/02
.1~426;426;H5;03;01;03/01;21/01/2021 00:00;5;21;4500000775;V04;HH-T03;Yoghurt;647;Delivered;ST;03;02;03/02
.1~427;427;H5;03;01;03/01;21/01/2021 00:00;5;21;4500000775;V04;HH-T04;Cheese;113;Delivered;ST;03;02;03/02
.1~428;428;H5;03;01;03/01;21/01/2021 00:00;5;21;4500000775;V04;HH-T05;Butter;177;Delivered;ST;03;02;03/02
.1~429;429;H5;03;01;03/01;21/01/2021 00:00;5;21;4500000775;V04;HH-T06;Ice Cream;403;Delivered;ST;03;02;03/02
.1~430;430;H5;04;02;04/02;01/02/2021 00:00;7;32;4500000788;V04;HH-T01;Milk;1320;Delivered;ST;04;03;04/03
.1~431;431;H5;04;02;04/02;01/02/2021 00:00;7;32;4500000788;V04;HH-T02;Cream;83;Delivered;ST;04;03;04/03
.1~432;432;H5;04;02;04/02;01/02/2021 00:00;7;32;4500000788;V04;HH-T03;Yoghurt;877;Delivered;ST;04;03;04/03
.1~433;433;H5;04;02;04/02;01/02/2021 00:00;7;32;4500000788;V04;HH-T04;Cheese;105;Delivered;ST;04;03;04/03
.1~434;434;H5;04;02;04/02;01/02/2021 00:00;7;32;4500000788;V04;HH-T05;Butter;426;Delivered;ST;04;03;04/03
.1~435;435;H5;04;02;04/02;01/02/2021 00:00;7;32;4500000788;V04;HH-T06;Ice Cream;169;Delivered;ST;04;03;04/03
.1~436;436;H5;06;01;06/01;20/02/2021 00:00;11;51;4500000808;V04;HH-T01;Milk;727;Delivered;ST;06;02;06/02
.1~437;437;H5;06;01;06/01;20/02/2021 00:00;11;51;4500000808;V04;HH-T03;Yoghurt;758;Delivered;ST;06;02;06/02
.1~438;438;H5;06;01;06/01;20/02/2021 00:00;11;51;4500000808;V04;HH-T04;Cheese;276;Delivered;ST;06;02;06/02
.1~439;439;H5;06;01;06/01;20/02/2021 00:00;11;51;4500000808;V04;HH-T05;Butter;268;Delivered;ST;06;02;06/02
.1~440;440;H5;06;01;06/01;20/02/2021 00:00;11;51;4500000808;V04;HH-T06;Ice Cream;787;Delivered;ST;06;02;06/02
.1~441;441;H5;07;02;07/02;03/03/2021 00:00;13;62;4500000819;V04;HH-T01;Milk;923;Delivered;ST;07;03;07/03
.1~442;442;H5;07;02;07/02;03/03/2021 00:00;13;62;4500000819;V04;HH-T02;Cream;579;Delivered;ST;07;03;07/03
.1~443;443;H5;07;02;07/02;03/03/2021 00:00;13;62;4500000819;V04;HH-T03;Yoghurt;476;Delivered;ST;07;03;07/03
.1~444;444;H5;07;02;07/02;03/03/2021 00:00;13;62;4500000819;V04;HH-T04;Cheese;231;Delivered;ST;07;03;07/03
.1~445;445;H5;07;02;07/02;03/03/2021 00:00;13;62;4500000819;V04;HH-T05;Butter;523;Delivered;ST;07;03;07/03
.1~446;446;H5;07;02;07/02;03/03/2021 00:00;13;62;4500000819;V04;HH-T06;Ice Cream;281;Delivered;ST;07;03;07/03
.1~447;447;H5;08;01;08/01;12/03/2021 00:00;15;71;4500000829;V04;HH-T01;Milk;513;Delivered;ST;08;03;08/03
.1~448;448;H5;08;01;08/01;12/03/2021 00:00;15;71;4500000829;V04;HH-T03;Yoghurt;451;Delivered;ST;08;03;08/03
.1~449;449;H5;08;01;08/01;12/03/2021 00:00;15;71;4500000829;V04;HH-T04;Cheese;359;Delivered;ST;08;03;08/03
.1~450;450;H5;08;01;08/01;12/03/2021 00:00;15;71;4500000829;V04;HH-T05;Butter;201;Delivered;ST;08;03;08/03
